date,game visitor,chief,crew1,crew2
1019,Brooklyn,Josh Tiven,Jacyn Goble,Natalie Sago
1019,Golden State,Sean Wright,Mark Lindsay,Ray Acosta
1020,Indiana,Rodney Mott,Scott Wall,Nate Green
1020,Chicago,Tyler Ford,Derek Richardson,Mousa Dagher
1020,Boston,Scott Foster,Ed Malloy,Lauren Holtkamp
1020,Washington,Bill Kennedy,Eric Dalen,John Butler
1020,Cleveland,Kevin Scott,Michael Smith,John Conley
1020,Houston,Curtis Blair,Tre Maddox,Simone Jelks
1020,Philadelphia,Courtney Kirkland,Karl Lane,Danielle Scott
1020,Orlando,Ben Taylor,Sean Corbin,Jenna Schroeder
1020,Oklahoma City,Zach Zarba,Mark Lindsay,Ray Acosta
1020,Denver,Marc Davis,Kevin Cutler,Leon Wood
1020,Sacramento,Sean Wright,Nick Buchert,Phenizee Ransom
1021,Dallas,James Capers,Dedric Taylor,Scott Twardoski
1021,Milwaukee,David Guthrie,Mitchell Ervin,Jonathan Sterling
1021,LA Clippers,Zach Zarba,Tom Washington,Justin Van Duyne
1022,Charlotte,Bill Kennedy,Eric Dalen,John Butler
1022,New York,Rodney Mott,JB DeRosa,Bennie Adams
1022,Indiana,Eric Lewis,Gediminas Petraitis,Mousa Dagher
1022,Toronto,Curtis Blair,Brian Forte,Derek Richardson
1022,Brooklyn,David Guthrie,Tre Maddox,Marat Kogut
1022,New Orleans,Scott Foster,Jacyn Goble,Brandon Schwab
1022,Oklahoma City,Courtney Kirkland,Sean Corbin,Danielle Scott
1022,San Antonio,Sean Wright,Mark Lindsay,Phenizee Ransom
1022,Phoenix,Tony Brothers,Nick Buchert,Justin Van Duyne
1022,Utah,Kevin Cutler,Brent Barnaky,J.T. Orr
1023,Atlanta,Curtis Blair,Scott Wall,Nate Green
1023,Miami,James Williams,Michael Smith,John Conley
1023,Dallas,Josh Tiven,Aaron Smith,Andy Nagy
1023,Detroit,Pat Fraher,Eric Dalen,Ray Acosta
1023,New Orleans,Kevin Scott,Gediminas Petraitis,Matt Boland
1023,Milwaukee,Ed Malloy,Karl Lane,Scott Twardoski
1023,Phoenix,Zach Zarba,Tom Washington,Jenna Schroeder
1023,Memphis,Tony Brothers,Nick Buchert,Brett Nansel
1024,Charlotte,James Capers,Derek Richardson,Suyash Mehta
1024,Orlando,Bill Kennedy,Tre Maddox,John Butler
1024,Boston,Ben Taylor,JB DeRosa,Bennie Adams
1024,Philadelphia,Rodney Mott,Jacyn Goble,Phenizee Ransom
1024,Golden State,Derrick Collins,Brent Barnaky,Jenna Schroeder
1024,Memphis,Marc Davis,Kevin Cutler,Brandon Adair
1025,Boston,Courtney Kirkland,Matt Boland,Matt Myers
1025,Milwaukee,Mark Lindsay,Leon Wood,CJ Washington
1025,Detroit,Josh Tiven,Aaron Smith,Jonathan Sterling
1025,Washington,Tyler Ford,Scott Wall,Ray Acosta
1025,Orlando,Kevin Scott,Dedric Taylor,Evan Scott
1025,Chicago,James Williams,Michael Smith,Suyash Mehta
1025,New Orleans,Ed Malloy,Eric Dalen,Nate Green
1025,Cleveland,Tony Brothers,Tom Washington,Nick Buchert
1025,Portland,Eric Lewis,Brent Barnaky,Natalie Sago
1026,Philadelphia,James Williams,Mitchell Ervin,Brett Nansel
1026,Golden State,Ben Taylor,JB DeRosa,Marat Kogut
1026,Houston,Sean Wright,Justin Van Duyne,John Conley
1026,L.A. Lakers,Curtis Blair,Brian Forte,Andy Nagy
1026,Denver,David Guthrie,Derrick Collins,Brandon Adair
1027,Charlotte,Josh Tiven,Scott Wall,Danielle Scott
1027,Washington,James Capers,Michael Smith,Leon Wood
1027,Miami,Ed Malloy,Jacyn Goble,Brandon Schwab
1027,Indiana,Marc Davis,Karl Lane,Matt Boland
1027,Atlanta,Pat Fraher,Brian Forte,Evan Scott
1027,Minnesota,Zach Zarba,Dedric Taylor,Matt Myers
1027,L.A. Lakers,Scott Foster,Gediminas Petraitis,Lauren Holtkamp
1027,Sacramento,Eric Lewis,Natalie Sago,Suyash Mehta
1027,Memphis,Rodney Mott,J.T. Orr,Scott Twardoski
1027,Cleveland,Tre Maddox,Derrick Collins,Mousa Dagher
1028,Detroit,Tom Washington,JB DeRosa,Andy Nagy
1028,Atlanta,Ben Taylor,Derek Richardson,CJ Washington
1028,New York,David Guthrie,Justin Van Duyne,Nate Green
1028,Utah,Curtis Blair,Mitchell Ervin,Marat Kogut
1028,San Antonio,Tyler Ford,Sean Corbin,Brandon Adair
1028,Memphis,Bill Kennedy,Eric Dalen,Jonathan Sterling
1029,Orlando,James Capers,Leon Wood,Brett Nansel
1029,Indiana,Sean Wright,Dedric Taylor,Phenizee Ransom
1029,Charlotte,Tony Brothers,Brian Forte,Aaron Smith
1029,Sacramento,Kevin Scott,Mitchell Ervin,Matt Myers
1029,Dallas,Scott Foster,J.T. Orr,Bennie Adams
1029,LA Clippers,Courtney Kirkland,Eric Dalen,Suyash Mehta
1029,Cleveland,Eric Lewis,Natalie Sago,John Butler
1030,Boston,Zach Zarba,JB DeRosa,John Conley
1030,Orlando,Marc Davis,Lauren Holtkamp,Brandon Schwab
1030,New York,Curtis Blair,Gediminas Petraitis,CJ Washington
1030,Toronto,Tom Washington,Nick Buchert,Jenna Schroeder
1030,Atlanta,Ed Malloy,Michael Smith,Phenizee Ransom
1030,Utah,Tyler Ford,Scott Wall,Matt Myers
1030,Miami,Josh Tiven,Brent Barnaky,Derek Richardson
1030,San Antonio,James Williams,Matt Boland,Evan Scott
1030,Oklahoma City,Bill Kennedy,Tre Maddox,Nate Green
1030,Denver,Kevin Cutler,Justin Van Duyne,Ray Acosta
1030,Cleveland,Rodney Mott,Sean Corbin,Jonathan Sterling
1031,Sacramento,Pat Fraher,Derrick Collins,Mousa Dagher
1031,Portland,James Capers,Dedric Taylor,John Conley
1031,Utah,Scott Foster,Leon Wood,Brett Nansel
1031,Detroit,Mark Lindsay,Aaron Smith,Scott Twardoski
1031,Houston,Courtney Kirkland,Eric Dalen,Nate Green
1101,Cleveland,Pat Fraher,Nick Buchert,Brandon Schwab
1101,San Antonio,David Guthrie,Jacyn Goble,Danielle Scott
1101,Portland,Ben Taylor,Scott Wall,Evan Scott
1101,Washington,Marc Davis,Brandon Adair,Suyash Mehta
1101,Chicago,Ed Malloy,Natalie Sago,Ray Acosta
1101,Toronto,Kevin Cutler,Marat Kogut,Phenizee Ransom
1101,Denver,Curtis Blair,Matt Boland,Jenna Schroeder
1101,Orlando,Tyler Ford,Mitchell Ervin,Andy Nagy
1101,Oklahoma City,James Williams,Sean Corbin,Jonathan Sterling
1102,Milwaukee,Brian Forte,Marat Kogut,John Butler
1102,Miami,Rodney Mott,Dedric Taylor,Brett Nansel
1102,Sacramento,Bill Kennedy,Michael Smith,Nate Green
1102,New Orleans,Courtney Kirkland,Lauren Holtkamp,Justin Van Duyne
1102,Houston,James Williams,JB DeRosa,Jonathan Sterling
1103,Portland,Zach Zarba,Ray Acosta,Danielle Scott
1103,New York,Ben Taylor,Aaron Smith,Bennie Adams
1103,Boston,Sean Wright,Brandon Adair,Tyler Ricks
1103,Chicago,Brian Forte,J.T. Orr,Scott Twardoski
1103,Toronto,Mark Lindsay,Natalie Sago,Evan Scott
1103,Atlanta,Josh Tiven,Brent Barnaky,Matt Boland
1103,Denver,Tom Washington,Karl Lane,Brandon Schwab
1103,LA Clippers,Marc Davis,Derrick Collins,Jenna Schroeder
1103,Dallas,Eric Lewis,Gediminas Petraitis,CJ Washington
1103,Charlotte,Kevin Scott,JB DeRosa,Derek Richardson
1103,New Orleans,Tony Brothers,Sean Corbin,Andy Nagy
1104,Philadelphia,Pat Fraher,Tre Maddox,Ray Acosta
1104,Utah,Mark Lindsay,Derrick Collins,John Butler
1104,Boston,Scott Foster,Mitchell Ervin,Nick Buchert
1104,Houston,James Capers,Michael Smith,Andy Nagy
1104,Oklahoma City,Kevin Scott,Lauren Holtkamp,John Conley
1105,Brooklyn,Eric Lewis,Brian Forte,Bennie Adams
1105,San Antonio,Zach Zarba,Nick Buchert,Brandon Adair
1105,Memphis,Kevin Cutler,Gediminas Petraitis,Phenizee Ransom
1105,Cleveland,Curtis Blair,J.T. Orr,Jenna Schroeder
1105,New York,Ed Malloy,Tom Washington,Scott Twardoski
1105,LA Clippers,Ben Taylor,Marat Kogut,CJ Washington
1105,New Orleans,David Guthrie,Jacyn Goble,Leon Wood
1105,Indiana,Tony Brothers,Sean Corbin,Justin Van Duyne
1105,Charlotte,Rodney Mott,Tyler Ford,Danielle Scott
1106,Houston,Josh Tiven,Lauren Holtkamp,Evan Scott
1106,Utah,Zach Zarba,Ray Acosta,Brandon Adair
1106,Philadelphia,Bill Kennedy,Dedric Taylor,Brett Nansel
1106,Boston,Tre Maddox,Scott Wall,John Butler
1106,Atlanta,Kevin Scott,Karl Lane,John Conley
1106,L.A. Lakers,James Capers,Michael Smith,Andy Nagy
1107,Brooklyn,Brian Forte,Kevin Cutler,Nate Green
1107,Cleveland,Pat Fraher,Natalie Sago,Suyash Mehta
1107,Utah,Courtney Kirkland,J.T. Orr,CJ Washington
1107,Milwaukee,Scott Foster,JB DeRosa,Jonathan Sterling
1107,Indiana,Sean Wright,Mitchell Ervin,Marat Kogut
1107,San Antonio,James Williams,Derrick Collins,Bennie Adams
1107,Houston,Tony Brothers,Tyler Ford,Scott Twardoski
1107,Charlotte,David Guthrie,Jacyn Goble,Matt Myers
1108,New York,Marc Davis,Brent Barnaky,Scott Wall
1108,Brooklyn,Tre Maddox,JB DeRosa,Brett Nansel
1108,Minnesota,Bill Kennedy,Dedric Taylor,Leon Wood
1108,New Orleans,Mark Lindsay,Nick Buchert,Lauren Holtkamp
1108,Miami,Kevin Scott,Michael Smith,John Conley
1108,Atlanta,James Capers,Marat Kogut,Matt Myers
1108,Phoenix,Josh Tiven,Jacyn Goble,Evan Scott
1108,Charlotte,Sean Wright,Karl Lane,Scott Twardoski
1109,Milwaukee,Eric Lewis,Sean Corbin,Aaron Smith
1109,Atlanta,Curtis Blair,Mitchell Ervin,Derek Richardson
1109,Portland,David Guthrie,Tyler Ford,Ray Acosta
1110,Washington,Tre Maddox,Brandon Adair,Nate Green
1110,Brooklyn,Ben Taylor,Scott Wall,Brandon Schwab
1110,Toronto,Pat Fraher,Brent Barnaky,CJ Washington
1110,Milwaukee,James Williams,Brian Forte,Phenizee Ransom
1110,Detroit,Rodney Mott,Dedric Taylor,Gediminas Petraitis
1110,Dallas,Zach Zarba,Michael Smith,Cheryl Flores
1110,Charlotte,Tony Brothers,Derrick Collins,Brett Nansel
1110,Oklahoma City,Scott Foster,Natalie Sago,Jenna Schroeder
1110,Sacramento,Tom Washington,Leon Wood,Matt Myers
1110,Indiana,Bill Kennedy,Jacyn Goble,Jonathan Sterling
1110,Portland,Curtis Blair,Mitchell Ervin,Bennie Adams
1110,Minnesota,Sean Wright,Karl Lane,John Butler
1110,Miami,Josh Tiven,J.T. Orr,Marat Kogut
1111,Toronto,Mark Lindsay,Brandon Adair,Suyash Mehta
1111,Indiana,Ed Malloy,Tyler Ford,Ray Acosta
1111,Miami,James Capers,Kevin Cutler,Mousa Dagher
1112,New York,Tre Maddox,Gediminas Petraitis,CJ Washington
1112,Milwaukee,Courtney Kirkland,Dedric Taylor,Nate Green
1112,Detroit,Scott Foster,Brent Barnaky,Dannica Mosher
1112,Portland,Tony Brothers,Matt Boland,Jenna Schroeder
1112,Phoenix,David Guthrie,Mark Lindsay,Jonathan Sterling
1112,Brooklyn,Tom Washington,Natalie Sago,Phenizee Ransom
1112,Sacramento,Marc Davis,Aaron Smith,Justin Van Duyne
1112,Dallas,Rodney Mott,JB DeRosa,Evan Scott
1112,Atlanta,Sean Wright,Karl Lane,Ray Acosta
1112,Chicago,Josh Tiven,Nick Buchert,J.T. Orr
1112,Minnesota,Curtis Blair,Derek Richardson,Brett Nansel
1113,Miami,Pat Fraher,Scott Wall,Bennie Adams
1113,Philadelphia,Kevin Scott,Mitchell Ervin,John Butler
1113,Washington,Sean Corbin,Michael Smith,Suyash Mehta
1113,Memphis,Ben Taylor,JB DeRosa,Scott Twardoski
1113,Detroit,Eric Lewis,Jacyn Goble,Andy Nagy
1113,Boston,James Williams,Gediminas Petraitis,John Conley
1113,Minnesota,Ed Malloy,Nick Buchert,Brandon Schwab
1114,San Antonio,Bill Kennedy,Kevin Cutler,Danielle Scott
1114,Milwaukee,Tony Brothers,Marat Kogut,Justin Van Duyne
1114,Golden State,David Guthrie,Mark Lindsay,JD Ralls
1114,Phoenix,Brian Forte,Derrick Collins,Scott Twardoski
1114,Brooklyn,Rodney Mott,Ray Acosta,Evan Scott
1114,Portland,Marc Davis,Derek Richardson,Brett Nansel
1114,Chicago,Curtis Blair,Leon Wood,Matt Boland
1115,Boston,Tony Brothers,Marat Kogut,Phenizee Ransom
1115,Sacramento,Zach Zarba,Brandon Adair,Jenna Schroeder
1115,New Orleans,Sean Wright,Karl Lane,Matt Myers
1115,Orlando,Kane Fitzgerald,Gediminas Petraitis,Andy Nagy
1115,Indiana,Sean Corbin,JB DeRosa,Lauren Holtkamp
1115,Denver,Kevin Scott,Derrick Collins,CJ Washington
1115,Houston,Tyler Ford,Natalie Sago,John Butler
1115,Phoenix,James Capers,Aaron Smith,Cheryl Flores
1115,Miami,Courtney Kirkland,Brent Barnaky,Matt Kallio
1115,Toronto,Ed Malloy,Nick Buchert,Brandon Schwab
1115,Chicago,Pat Fraher,Scott Wall,Bennie Adams
1116,Golden State,Eric Lewis,Mitchell Ervin,Justin Van Duyne
1116,Philadelphia,Scott Foster,Kevin Cutler,Matt Boland
1116,San Antonio,Marc Davis,Dedric Taylor,Scott Twardoski
1117,Washington,Kane Fitzgerald,Ray Acosta,Dannica Mosher
1117,Indiana,James Capers,Michael Smith,Matt Myers
1117,Boston,Zach Zarba,Leon Wood,Suyash Mehta
1117,Cleveland,Ben Taylor,Karl Lane,Andy Nagy
1117,New Orleans,Brian Forte,Marat Kogut,Jonathan Sterling
1117,Orlando,Courtney Kirkland,Derek Richardson,Nate Green
1117,L.A. Lakers,David Guthrie,Brent Barnaky,Brandon Adair
1117,Sacramento,James Williams,Mark Lindsay,John Butler
1117,Houston,Tom Washington,J.T. Orr,CJ Washington
1117,Dallas,Pat Fraher,Tre Maddox,Scott Wall
1117,Chicago,Scott Foster,Natalie Sago,Mousa Dagher
1118,Golden State,Ed Malloy,Lauren Holtkamp,Bennie Adams
1118,Washington,Jacyn Goble,Nick Buchert,Brandon Schwab
1118,LA Clippers,Zach Zarba,Mitchell Ervin,John Conley
1118,San Antonio,Sean Corbin,Brandon Adair,Matt Boland
1118,Philadelphia,Pat Fraher,Scott Twardoski,John Butler
1118,Toronto,Marc Davis,Dedric Taylor,Natalie Sago
1119,Indiana,Brian Forte,Marat Kogut,Justin Van Duyne
1119,Golden State,Josh Tiven,Brent Barnaky,Nate Green
1119,L.A. Lakers,Sean Wright,Tyler Ford,Ray Acosta
1119,Orlando,Curtis Blair,Leon Wood,Jonathan Sterling
1119,Oklahoma City,Eric Lewis,Gediminas Petraitis,Matt Myers
1119,LA Clippers,James Capers,Scott Wall,Suyash Mehta
1119,Chicago,James Williams,JB DeRosa,Scott Twardoski
1119,Dallas,Bill Kennedy,Kevin Cutler,Evan Scott
1119,Toronto,Rodney Mott,Aaron Smith,Brett Nansel
1120,Houston,Curtis Blair,Karl Lane,Bennie Adams
1120,New Orleans,Josh Tiven,Brandon Adair,Jenna Schroeder
1120,Miami,Scott Foster,Jacyn Goble,Andy Nagy
1120,Charlotte,Courtney Kirkland,Brian Forte,Brandon Schwab
1120,Oklahoma City,Mark Lindsay,Nick Buchert,Derek Richardson
1120,Orlando,Sean Corbin,Mitchell Ervin,Ray Acosta
1120,Memphis,Ben Taylor,Gediminas Petraitis,Suyash Mehta
1120,Philadelphia,Marc Davis,Dedric Taylor,Brett Nansel
1120,Utah,Tre Maddox,Lauren Holtkamp,Mousa Dagher
1121,Dallas,James Williams,JB DeRosa,Nate Green
1121,L.A. Lakers,Scott Foster,Justin Van Duyne,Phenizee Ransom
1121,New York,Sean Wright,Marat Kogut,Jonathan Sterling
1121,Denver,Kane Fitzgerald,Natalie Sago,Mousa Dagher
1121,Toronto,Bill Kennedy,Aaron Smith,Evan Scott
1122,Brooklyn,Courtney Kirkland,Justin Van Duyne,Jenna Schroeder
1122,Charlotte,Mark Lindsay,Derek Richardson,John Conley
1122,Oklahoma City,Curtis Blair,Matt Boland,Phenizee Ransom
1122,Houston,Brian Forte,Michael Smith,Matt Myers
1122,Indiana,Pat Fraher,Leon Wood,JD Ralls
1122,Orlando,Rodney Mott,Jacyn Goble,Suyash Mehta
1122,Minnesota,Tyler Ford,Brent Barnaky,Danielle Scott
1122,Phoenix,Tre Maddox,Mitchell Ervin,Andy Nagy
1122,Memphis,James Williams,Dedric Taylor,Brett Nansel
1122,Philadelphia,Kevin Cutler,JB DeRosa,John Butler
1123,Miami,Ed Malloy,Karl Lane,Matt Kallio
1123,L.A. Lakers,Josh Tiven,Nick Buchert,Scott Wall
1123,Denver,David Guthrie,Brandon Adair,Aaron Smith
1123,Dallas,Kane Fitzgerald,Natalie Sago,Scott Twardoski
1124,Phoenix,Sean Corbin,Ray Acosta,Suyash Mehta
1124,L.A. Lakers,Rodney Mott,Karl Lane,Matt Kallio
1124,Charlotte,Tyler Ford,Lauren Holtkamp,Matt Myers
1124,Brooklyn,Tony Brothers,Matt Boland,Evan Scott
1124,Chicago,Tre Maddox,Brent Barnaky,Phenizee Ransom
1124,Toronto,James Capers,Mitchell Ervin,Robert Hussey
1124,Detroit,Bill Kennedy,Kevin Cutler,Danielle Scott
1124,Miami,Curtis Blair,Michael Smith,Andy Nagy
1124,Washington,Eric Lewis,Dedric Taylor,Cheryl Flores
1124,Utah,Marc Davis,Marat Kogut,Brandon Schwab
1124,Atlanta,Kevin Scott,Jacyn Goble,Gediminas Petraitis
1124,Philadelphia,Kane Fitzgerald,Ben Taylor,Brandon Adair
1124,Portland,James Williams,Derrick Collins,Jonathan Sterling
1126,Detroit,Brian Forte,Brandon Adair,Mousa Dagher
1126,Minnesota,Scott Foster,Scott Wall,Robert Hussey
1126,Phoenix,Rodney Mott,J.T. Orr,Matt Boland
1126,Chicago,Eric Lewis,Kevin Cutler,Jenna Reneau
1126,Toronto,Bill Kennedy,Mark Lindsay,Bennie Adams
1126,Atlanta,Sean Wright,Michael Smith,Danielle Scott
1126,Washington,Tre Maddox,Derrick Collins,Marat Kogut
1126,Boston,Marc Davis,Lauren Holtkamp,Phenizee Ransom
1126,Milwaukee,Josh Tiven,Gediminas Petraitis,Jonathan Sterling
1126,New Orleans,Kevin Scott,Derek Richardson,Justin Van Duyne
1126,Portland,Zach Zarba,Leon Wood,Andy Nagy
1126,Sacramento,David Guthrie,Ben Taylor,Brett Nansel
1127,Minnesota,Sean Corbin,Jacyn Goble,Mitchell Ervin
1127,New York,Ed Malloy,Kevin Cutler,Jenna Reneau
1127,Phoenix,Pat Fraher,JB DeRosa,Aaron Smith
1127,Orlando,James Capers,Tom Washington,Evan Scott
1127,Miami,James Williams,Dedric Taylor,Danielle Scott
1127,Charlotte,Courtney Kirkland,Ray Acosta,Jenna Schroeder
1127,Washington,John Goble,Karl Lane,Brandon Schwab
1127,New Orleans,David Guthrie,Ben Taylor,Jonathan Sterling
1128,Golden State,Kevin Scott,Brian Forte,Gediminas Petraitis
1128,Milwaukee,Sean Wright,Scott Wall,Robert Hussey
1128,Boston,Scott Foster,Michael Smith,Dannica Mosher
1128,Sacramento,Tre Maddox,Brent Barnaky,Lauren Holtkamp
1128,Detroit,Zach Zarba,Derek Richardson,Andy Nagy
1129,Orlando,Curtis Blair,Nick Buchert,Matt Boland
1129,Denver,Pat Fraher,Kevin Cutler,Aaron Smith
1129,Charlotte,Tony Brothers,Jacyn Goble,Suyash Mehta
1129,Oklahoma City,John Goble,Mitchell Ervin,Tyler Ricks
1129,Indiana,Eric Lewis,J.T. Orr,Jonathan Sterling
1129,Cleveland,Tyler Ford,Brent Barnaky,Marat Kogut
1129,Washington,Courtney Kirkland,Derrick Collins,Brett Nansel
1129,Portland,Josh Tiven,Karl Lane,John Butler
1129,New Orleans,Zach Zarba,Leon Wood,Bennie Adams
1130,New York,Scott Foster,Mark Lindsay,Jason Goldenberg
1130,Memphis,Rodney Mott,Tom Washington,John Conley
1130,Golden State,Josh Tiven,Karl Lane,Derek Richardson
1130,Detroit,Kevin Scott,Gediminas Petraitis,Justin Van Duyne
1130,L.A. Lakers,Bill Kennedy,Brian Forte,Mousa Dagher
1201,Atlanta,Tony Brothers,Brent Barnaky,Dannica Mosher
1201,Denver,James Williams,Dedric Taylor,Suyash Mehta
1201,Minnesota,Sean Wright,Lauren Holtkamp,Brandon Adair
1201,Philadelphia,Kane Fitzgerald,JB DeRosa,Aaron Smith
1201,Cleveland,David Guthrie,Sean Corbin,Jonathan Sterling
1201,Charlotte,James Capers,Natalie Sago,Brett Nansel
1201,Dallas,Marc Davis,J.T. Orr,Andy Nagy
1201,Houston,Zach Zarba,Mitchell Ervin,CJ Washington
1201,Sacramento,Courtney Kirkland,Derrick Collins,Robert Hussey
1202,Chicago,Ben Taylor,Tyler Ford,Natalie Sago
1202,Milwaukee,Pat Fraher,Curtis Blair,Cheryl Flores
1202,Oklahoma City,Josh Tiven,Karl Lane,Evan Scott
1202,Detroit,Eric Lewis,Michael Smith,Matt Myers
1202,San Antonio,Tre Maddox,Brian Forte,Phenizee Ransom
1203,Miami,James Williams,JB DeRosa,Brett Nansel
1203,Cleveland,John Goble,Matt Boland,CJ Washington
1203,Philadelphia,David Guthrie,Tyler Ford,Mousa Dagher
1203,Minnesota,Kane Fitzgerald,Dedric Taylor,Nick Buchert
1203,Orlando,Sean Wright,Mark Lindsay,Marat Kogut
1203,New Orleans,Tony Brothers,Jacyn Goble,Brandon Adair
1203,Boston,Courtney Kirkland,Derrick Collins,Leon Wood
1203,Phoenix,Bill Kennedy,J.T. Orr,Bennie Adams
1203,LA Clippers,Eric Lewis,Kevin Cutler,Justin Van Duyne
1204,Denver,Tom Washington,Brent Barnaky,Andy Nagy
1204,Chicago,Marc Davis,Mitchell Ervin,Gediminas Petraitis
1204,Miami,Kevin Scott,Tre Maddox,Derek Richardson
1204,Memphis,Sean Wright,Mark Lindsay,Suyash Mehta
1204,San Antonio,James Capers,Sean Corbin,Robert Hussey
1204,Boston,Rodney Mott,Kevin Cutler,Matt Myers
1204,LA Clippers,Scott Foster,Michael Smith,Phenizee Ransom
1205,Utah,Pat Fraher,Curtis Blair,Matt Kallio
1205,Charlotte,Zach Zarba,Brian Forte,Aaron Smith
1205,Washington,Kane Fitzgerald,Tyler Ford,Mousa Dagher
1205,New Orleans,Eric Lewis,Derrick Collins,Jenna Reneau
1206,Philadelphia,Josh Tiven,Jacyn Goble,Brandon Adair
1206,Oklahoma City,Courtney Kirkland,JB DeRosa,John Conley
1206,Washington,David Guthrie,Mitchell Ervin,Derek Richardson
1206,Memphis,Bill Kennedy,Brian Forte,Jenna Schroeder
1206,Denver,Sean Wright,Kevin Cutler,Nick Buchert
1206,Cleveland,Mark Lindsay,Lauren Holtkamp,Jason Goldenberg
1206,Atlanta,Kevin Scott,Tre Maddox,Phenizee Ransom
1206,San Antonio,James Williams,Justin Van Duyne,Suyash Mehta
1206,Orlando,Rodney Mott,Michael Smith,Tyler Ricks
1206,LA Clippers,Ben Taylor,Sean Corbin,John Butler
1207,Brooklyn,Zach Zarba,Tom Washington,Aaron Smith
1207,New York,Eric Lewis,Derrick Collins,JD Ralls
1207,Boston,Scott Foster,Curtis Blair,J.T. Orr
1208,Philadelphia,Bill Kennedy,Karl Lane,Derek Richardson
1208,Chicago,Courtney Kirkland,Nick Buchert,Jonathan Sterling
1208,Washington,James Williams,Jacyn Goble,Cheryl Flores
1208,New York,Marc Davis,JB DeRosa,Brandon Adair
1208,Milwaukee,Kane Fitzgerald,Dedric Taylor,Mitchell Ervin
1208,Oklahoma City,David Guthrie,Mark Lindsay,CJ Washington
1208,Brooklyn,Josh Tiven,Tyler Ford,Brandon Schwab
1208,Dallas,John Goble,Sean Corbin,Matt Boland
1208,Utah,Kevin Cutler,Gediminas Petraitis,Phenizee Ransom
1208,Denver,Zach Zarba,Brian Forte,Lauren Holtkamp
1208,Portland,Scott Foster,Curtis Blair,Justin Van Duyne
1208,Orlando,Ben Taylor,J.T. Orr,Suyash Mehta
1208,Boston,Tre Maddox,Michael Smith,Andy Nagy
1209,Utah,Rodney Mott,Brent Barnaky,Leon Wood
1209,L.A. Lakers,Pat Fraher,Tom Washington,Bennie Adams
1209,Denver,Kevin Scott,Tyler Ford,Mousa Dagher
1210,Sacramento,Sean Wright,Dedric Taylor,John Butler
1210,Dallas,Eric Lewis,Nick Buchert,Matt Kallio
1210,Brooklyn,James Williams,Ben Taylor,Lauren Holtkamp
1210,New York,Courtney Kirkland,Karl Lane,Jonathan Sterling
1210,Milwaukee,Zach Zarba,Matt Boland,Matt Myers
1210,Cleveland,David Guthrie,Aaron Smith,Derek Richardson
1210,Detroit,Bill Kennedy,Curtis Blair,CJ Washington
1210,L.A. Lakers,John Goble,Sean Corbin,Ray Acosta
1210,Boston,James Capers,Kevin Cutler,Natalie Sago
1211,Orlando,Tyler Ford,Jacyn Goble,Danielle Scott
1211,Utah,Scott Foster,Nick Buchert,Justin Van Duyne
1211,Sacramento,Eric Lewis,Mark Lindsay,Bennie Adams
1211,Chicago,Rodney Mott,Derrick Collins,John Conley
1211,Houston,Tony Brothers,J.T. Orr,Suyash Mehta
1211,Golden State,David Guthrie,Ed Malloy,Marat Kogut
1211,Denver,Kane Fitzgerald,Tom Washington,Jenna Schroeder
1212,Milwaukee,Josh Tiven,Brian Forte,Brett Nansel
1212,Brooklyn,Kevin Scott,Karl Lane,Ray Acosta
1212,Dallas,Bill Kennedy,Natalie Sago,John Butler
1212,New Orleans,Pat Fraher,Dedric Taylor,Mitchell Ervin
1212,Minnesota,Tyler Ford,Jacyn Goble,Scott Twardoski
1212,Orlando,Sean Wright,Brent Barnaky,Matt Boland
1213,Miami,Josh Tiven,Marat Kogut,CJ Washington
1213,Golden State,Courtney Kirkland,Michael Smith,Jenna Reneau
1213,Sacramento,John Goble,Leon Wood,Lauren Holtkamp
1213,Houston,Rodney Mott,Derrick Collins,Evan Scott
1213,Milwaukee,Kevin Scott,Curtis Blair,J.T. Orr
1213,Philadelphia,Eric Lewis,Mark Lindsay,Andy Nagy
1213,Charlotte,Pat Fraher,Mitchell Ervin,Mousa Dagher
1213,Washington,Tony Brothers,Eric Dalen,Dannica Mosher
1213,Phoenix,Kane Fitzgerald,Brent Barnaky,Bennie Adams
1214,Toronto,Ed Malloy,J.T. Orr,Brett Nansel
1214,Golden State,Zach Zarba,Sean Corbin,Ray Acosta
1214,Phoenix,Sean Wright,Jacyn Goble,Matt Boland
1215,Houston,John Goble,Leon Wood,Lauren Holtkamp
1215,Atlanta,Pat Fraher,Karl Lane,Andy Nagy
1215,Miami,Curtis Blair,Justin Van Duyne,Aaron Smith
1215,L.A. Lakers,James Williams,Brian Forte,Marat Kogut
1215,Indiana,James Capers,Derrick Collins,Brandon Schwab
1215,New Orleans,Josh Tiven,Michael Smith,Jenna Schroeder
1215,Charlotte,Tony Brothers,Gediminas Petraitis,John Conley
1215,Minnesota,Mark Lindsay,Mitchell Ervin,Nick Buchert
1215,LA Clippers,Sean Wright,Eric Dalen,Mousa Dagher
1215,Memphis,Kane Fitzgerald,Brent Barnaky,Danielle Scott
1215,Washington,Kevin Cutler,Jacyn Goble,Matt Boland
1216,Detroit,Kevin Scott,Tyler Ford,Robert Hussey
1216,Philadelphia,Pat Fraher,Tom Washington,Natalie Sago
1216,New York,Ben Taylor,Brian Forte,Scott Twardoski
1216,Washington,Tre Maddox,Mitchell Ervin,Phenizee Ransom
1217,Miami,Eric Lewis,J.T. Orr,Tyler Ricks
1217,Denver,Josh Tiven,Sean Corbin,Justin Van Duyne
1217,Golden State,James Capers,Tyler Ford,Gediminas Petraitis
1217,L.A. Lakers,John Goble,Dedric Taylor,Jonathan Sterling
1217,San Antonio,Kane Fitzgerald,Brent Barnaky,Cheryl Flores
1217,Milwaukee,Tony Brothers,Nick Buchert,Danielle Scott
1217,Charlotte,Marc Davis,JB DeRosa,Mousa Dagher
1217,Memphis,Zach Zarba,Eric Dalen,Bennie Adams
1218,Houston,Tom Washington,Kevin Cutler,Andy Nagy
1218,Orlando,Kevin Scott,Derrick Collins,Evan Scott
1218,Golden State,Sean Wright,Natalie Sago,John Conley
1218,LA Clippers,James Williams,Tre Maddox,Suyash Mehta
1218,New York,Ed Malloy,Jacyn Goble,Marat Kogut
1218,Cleveland,Brian Forte,Karl Lane,Jonathan Sterling
1218,Washington,Ben Taylor,Brandon Adair,CJ Washington
1219,L.A. Lakers,Tony Brothers,Tyler Ford,Jenna Schroeder
1219,Miami,Sean Corbin,Dedric Taylor,Phenizee Ransom
1219,Portland,Curtis Blair,Michael Smith,Mitchell Ervin
1219,San Antonio,Marc Davis,Leon Wood,John Butler
1219,Dallas,Rodney Mott,JB DeRosa,Justin Van Duyne
1219,Charlotte,Bill Kennedy,Brent Barnaky,
1220,Philadelphia,Sean Wright,Marat Kogut,Suyash Mehta
1220,Houston,James Williams,Jacyn Goble,Natalie Sago
1220,Oklahoma City,Kevin Scott,Aaron Smith,Brandon Schwab
1220,Charlotte,Pat Fraher,J.T. Orr,Brett Nansel
1220,Sacramento,Ben Taylor,CJ Washington,
1220,San Antonio,Josh Tiven,Brandon Adair,Scott Twardoski
1221,Indiana,Kane Fitzgerald,Curtis Blair,Nick Buchert
1221,Detroit,James Capers,Lauren Holtkamp,Matt Boland
1221,Portland,Rodney Mott,Kevin Cutler,John Conley
1221,Minnesota,Eric Lewis,Karl Lane,John Butler
1221,Phoenix,Josh Tiven,Ben Taylor,Brandon Adair
1222,Orlando,David Guthrie,Jacyn Goble,Gediminas Petraitis
1222,Cleveland,Tom Washington,Matt Boland,Suyash Mehta
1222,Houston,Ed Malloy,Mitchell Ervin,Evan Scott
1222,Denver,Bill Kennedy,Dedric Taylor,Phenizee Ransom
1222,LA Clippers,Pat Fraher,Justin Van Duyne,J.T. Orr
1223,Houston,Sean Corbin,Lauren Holtkamp,John Conley
1223,New Orleans,Kane Fitzgerald,Brent Barnaky,Brandon Schwab
1223,Atlanta,James Williams,Michael Smith,Aaron Smith
1223,Detroit,Eric Lewis,Gediminas Petraitis,Jonathan Sterling
1223,Washington,Sean Wright,Natalie Sago,Danielle Scott
1223,Milwaukee,John Goble,Ray Acosta,Phenizee Ransom
1223,Charlotte,Ben Taylor,Karl Lane,Mousa Dagher
1223,Oklahoma City,Tony Brothers,J.T. Orr,John Butler
1223,Minnesota,Rodney Mott,Derek Richardson,Scott Twardoski
1223,Memphis,Josh Tiven,Kevin Cutler,Marat Kogut
1223,San Antonio,Tre Maddox,Justin Van Duyne,Brett Nansel
1225,Atlanta,Ed Malloy,Eric Dalen,Brandon Adair
1225,Boston,John Goble,Nick Buchert,Natalie Sago
1225,Golden State,David Guthrie,Curtis Blair,Ray Acosta
1225,Brooklyn,Kevin Cutler,Derek Richardson,Mousa Dagher
1225,Dallas,Tony Brothers,Dedric Taylor,John Butler
1226,Orlando,Ben Taylor,Jason Goldenberg,Dannica Mosher
1226,Toronto,Sean Corbin,Brent Barnaky,Jenna Schroeder
1226,Philadelphia,Tom Washington,Karl Lane,JD Ralls
1226,Memphis,Tyler Ford,Derek Richardson,Cheryl Flores
1226,New Orleans,Eric Lewis,Derrick Collins,Lauren Holtkamp
1226,Detroit,Sean Wright,Jenna Reneau,
1226,Indiana,Tre Maddox,Nick Buchert,Suyash Mehta
1226,Denver,Bill Kennedy,Curtis Blair,Mousa Dagher
1227,Houston,Josh Tiven,Natalie Sago,Suyash Mehta
1227,Chicago,John Goble,CJ Washington,Matt Myers
1227,Boston,Mark Lindsay,Brent Barnaky,Matt Boland
1227,Utah,Sean Wright,Karl Lane,Blanca Burns
1227,Memphis,Kevin Cutler,Derrick Collins,John Butler
1227,Dallas,Ray Acosta,Scott Twardoski,Cheryl Flores
1227,Brooklyn,David Guthrie,Dedric Taylor,Jonathan Sterling
1228,Milwaukee,Sean Corbin,Natalie Sago,CJ Washington
1228,Washington,Ed Malloy,Lauren Holtkamp,Jenna Schroeder
1228,Philadelphia,Tre Maddox,Brett Nansel,JD Ralls
1228,L.A. Lakers,Eric Lewis,Brandon Adair,Brent Haskill
1228,New York,Courtney Kirkland,Matt Boland,Matt Myers
1228,Cleveland,Ben Taylor,Jason Goldenberg,Jenna Reneau
1228,Denver,Kevin Scott,Nick Buchert,John Butler
1228,Oklahoma City,Tyler Ford,Ray Acosta,Mousa Dagher
1229,New York,Bill Kennedy,Scott Twardoski,Jason Goldenberg
1229,Charlotte,Mark Lindsay,Brent Barnaky,Jenna Schroeder
1229,LA Clippers,Josh Tiven,Andy Nagy,JD Ralls
1229,Atlanta,Eric Lewis,Ben Taylor,Brett Nansel
1229,L.A. Lakers,John Goble,Brandon Adair,Blanca Burns
1229,Oklahoma City,Kevin Scott,Mousa Dagher,
1229,Utah,David Guthrie,Nick Buchert,Cheryl Flores
1229,Dallas,Derrick Collins,Jonathan Sterling,Dannica Mosher
1230,Philadelphia,Courtney Kirkland,Mark Lindsay,Suyash Mehta
1230,Milwaukee,Ed Malloy,CJ Washington,Blanca Burns
1230,Cleveland,Kevin Cutler,Lauren Holtkamp,Matt Myers
1231,Phoenix,Bill Kennedy,Scott Twardoski,Tyler Mirkovich
1231,Chicago,Brent Barnaky,Natalie Sago,Andy Nagy
1231,Dallas,David Guthrie,Nick Buchert,Brent Haskill
1231,Miami,John Goble,Brandon Adair,Cheryl Flores
1231,Atlanta,Josh Tiven,Matt Boland,Clare Aubry
1231,LA Clippers,Ben Taylor,Ray Acosta,Suyash Mehta
1231,San Antonio,Sean Corbin,Leon Wood,JD Ralls
1231,New York,Eric Lewis,Brett Nansel,Pat O'Connell
1231,Minnesota,Tyler Ford,Jonathan Sterling,Dannica Mosher
1231,Portland,Kevin Scott,Derrick Collins,Jenna Reneau
101,New Orleans,Mark Lindsay,Lauren Holtkamp,Scott Twardoski
101,San Antonio,Kevin Cutler,Natalie Sago,Sha'Rae Mitchell
101,Chicago,Matt Boland,Bennie Adams,Jason Goldenberg
101,LA Clippers,Josh Tiven,Ray Acosta,Blanca Burns
101,Denver,Courtney Kirkland,CJ Washington,Cheryl Flores
101,Golden State,Derrick Collins,Jonathan Sterling,Brent Haskill
102,New York,Sean Wright,Matt Myers,Andy Nagy
102,Orlando,Tyler Ford,Mousa Dagher,Sha'Rae Mitchell
102,Indiana,Bill Kennedy,Brandon Adair,Robert Hussey
102,Miami,Kevin Scott,Brett Nansel,Matt Kallio
102,Phoenix,Sean Corbin,Suyash Mehta,JD Ralls
102,Dallas,Brent Barnaky,Leon Wood,Dannica Mosher
102,Minnesota,Tre Maddox,Nick Buchert,Jenna Reneau
103,Houston,Kevin Cutler,Brandon Adair,Andy Nagy
103,Charlotte,Josh Tiven,Matt Myers,Tyler Ricks
103,Memphis,Ben Taylor,Ray Acosta,Robert Hussey
103,Orlando,Marc Davis,Jonathan Sterling,Dannica Mosher
103,Detroit,Pat Fraher,Bennie Adams,Pat O'Connell
103,Utah,Courtney Kirkland,Lauren Holtkamp,Blanca Burns
103,Denver,Ed Malloy,Natalie Sago,Brent Haskill
103,Miami,Zach Zarba,Nick Buchert,Scott Twardoski
103,Atlanta,Kevin Scott,JB DeRosa,Matt Kallio
103,Minnesota,Derrick Collins,Jacyn Goble,Cheryl Flores
104,Memphis,Tyler Ford,Ray Acosta,Jenna Reneau
104,San Antonio,Bill Kennedy,Jonathan Sterling,Mousa Dagher
104,Indiana,Josh Tiven,Jason Goldenberg,Sha'Rae Mitchell
104,Phoenix,Sean Corbin,Marat Kogut,Blanca Burns
104,Sacramento,Brian Forte,JB DeRosa,CJ Washington
105,Detroit,Kane Fitzgerald,Brandon Adair,JD Ralls
105,Philadelphia,Scott Wall,Jason Goldenberg,Clare Aubry
105,Houston,Sean Wright,Mousa Dagher,Suyash Mehta
105,San Antonio,Ben Taylor,Leon Wood,Tyler Ricks
105,Brooklyn,James Williams,Tyler Ford,Isaac Barnett
105,Golden State,Marc Davis,Marat Kogut,Brandon Schwab
105,Toronto,Pat Fraher,Gediminas Petraitis,Andy Nagy
105,Oklahoma City,Ed Malloy,Brent Haskill,#VALUE!
105,Utah,Zach Zarba,Phenizee Ransom,John Conley
105,Miami,Derek Richardson,Bennie Adams,Matt Kallio
105,Atlanta,Tre Maddox,Jacyn Goble,CJ Washington
106,Boston,Pat Fraher,Derrick Collins,Evan Scott
106,Detroit,Marc Davis,Lauren Holtkamp,Brandon Schwab
106,Golden State,Kane Fitzgerald,JB DeRosa,Matt Myers
106,LA Clippers,Zach Zarba,Brian Forte,Phenizee Ransom
107,San Antonio,Michael Smith,Scott Wall,Jason Goldenberg
107,Milwaukee,Tom Washington,Marat Kogut,Scott Twardoski
107,Utah,Derrick Collins,Mitchell Ervin,JD Ralls
107,Washington,James Williams,Nick Buchert,John Conley
107,Dallas,Ben Taylor,JB DeRosa,Matt Myers
107,Minnesota,Josh Tiven,Andy Nagy,Clare Aubry
107,Sacramento,Brian Forte,Suyash Mehta,Jenna Schroeder
107,Atlanta,Courtney Kirkland,Ray Acosta,Bennie Adams
107,Cleveland,Ed Malloy,Jacyn Goble,CJ Washington
108,Memphis,Sean Wright,Leon Wood,Derek Richardson
108,Milwaukee,Kane Fitzgerald,Lauren Holtkamp,Blanca Burns
108,Orlando,James Williams,Gediminas Petraitis,John Conley
108,Utah,Tyler Ford,Marat Kogut,Jason Goldenberg
108,New York,Pat Fraher,Aaron Smith,Jenna Reneau
108,Miami,Bill Kennedy,Ray Acosta,Brandon Schwab
109,Atlanta,Ed Malloy,Justin Van Duyne,Natalie Sago
109,Washington,Derrick Collins,Michael Smith,Andy Nagy
109,New Orleans,Zach Zarba,Mitchell Ervin,Gediminas Petraitis
109,Minnesota,Marc Davis,Brandon Adair,John Butler
109,Denver,Brian Forte,Eric Dalen,Jenna Schroeder
109,San Antonio,Rodney Mott,Nick Buchert,Scott Twardoski
109,Chicago,Josh Tiven,Ben Taylor,CJ Washington
109,Cleveland,Sean Wright,Bennie Adams,Brandon Schwab
109,Sacramento,Courtney Kirkland,Phenizee Ransom,Pat O'Connell
109,Memphis,Tony Brothers,Jacyn Goble,Suyash Mehta
110,Brooklyn,Tony Brothers,Derek Richardson,Phenizee Ransom
110,Milwaukee,Ben Taylor,Scott Twardoski,John Conley
110,Utah,Tom Washington,JB DeRosa,Jenna Reneau
110,Indiana,James Williams,Mitchell Ervin,Nick Buchert
110,San Antonio,Tyler Ford,Scott Wall,Matt Myers
110,Cleveland,Bill Kennedy,Ray Acosta,Sha'Rae Mitchell
110,Philadelphia,Marc Davis,Eric Dalen,Jenna Schroeder
111,Detroit,Brian Forte,Michael Smith,Evan Scott
111,Oklahoma City,Karl Lane,Gediminas Petraitis,John Butler
111,Phoenix,Rodney Mott,Aaron Smith,John Conley
111,Golden State,Zach Zarba,Curtis Blair,Natalie Sago
111,Minnesota,Brent Barnaky,Brandon Adair,Suyash Mehta
111,Denver,Courtney Kirkland,J.T. Orr,Justin Van Duyne
112,Boston,Ed Malloy,Mitchell Ervin,Danielle Scott
112,Charlotte,Derrick Collins,Nick Buchert,JD Ralls
112,Orlando,Marc Davis,Jacyn Goble,Tyler Ricks
112,Miami,Scott Foster,Dedric Taylor,Blanca Burns
112,Dallas,David Guthrie,Mark Lindsay,Scott Twardoski
112,Houston,Tyler Ford,Matt Boland,Brandon Schwab
112,Cleveland,Tony Brothers,Eric Dalen,Phenizee Ransom
112,Brooklyn,James Williams,Karl Lane,Jason Goldenberg
112,L.A. Lakers,Sean Wright,Justin Van Duyne,Derek Richardson
113,Golden State,John Goble,Brian Forte,Aaron Smith
113,Minnesota,Bill Kennedy,JB DeRosa,CJ Washington
113,LA Clippers,Curtis Blair,Brandon Adair,Jenna Schroeder
113,Oklahoma City,Zach Zarba,Derrick Collins,Jenna Reneau
113,Portland,James Capers,Tre Maddox,Bennie Adams
114,Orlando,Scott Foster,Natalie Sago,Danielle Scott
114,Toronto,Ed Malloy,Jason Goldenberg,Dannica Mosher
114,Phoenix,Tom Washington,J.T. Orr,John Butler
114,Boston,Marc Davis,Mark Lindsay,Ray Acosta
114,Atlanta,Ben Taylor,Scott Wall,Evan Scott
114,Golden State,David Guthrie,Mitchell Ervin,Matt Boland
114,Cleveland,Karl Lane,Brent Barnaky,JD Ralls
114,Dallas,Courtney Kirkland,JB DeRosa,Gediminas Petraitis
114,Houston,Kevin Cutler,Eric Dalen,Phenizee Ransom
115,Toronto,Tyler Ford,Brandon Adair,Bennie Adams
115,Portland,Tony Brothers,Natalie Sago,Matt Myers
115,New York,James Williams,Tre Maddox,Brett Nansel
115,New Orleans,Bill Kennedy,Jacyn Goble,Tyler Ricks
115,Philadelphia,Curtis Blair,Ben Taylor,Brandon Schwab
115,Cleveland,James Capers,Matt Boland,Matt Kallio
115,Chicago,Mark Lindsay,Derrick Collins,J.T. Orr
115,LA Clippers,Karl Lane,Michael Smith,Aaron Smith
115,L.A. Lakers,John Goble,Dedric Taylor,Scott Twardoski
115,Orlando,Sean Wright,Justin Van Duyne,CJ Washington
116,Phoenix,Kevin Cutler,Gediminas Petraitis,Evan Scott
116,Houston,David Guthrie,Brent Barnaky,Mousa Dagher
116,Golden State,Scott Foster,JB DeRosa,Dannica Mosher
116,Utah,Tom Washington,Derek Richardson,John Butler
117,New Orleans,Tre Maddox,Jason Goldenberg,Evan Scott
117,Charlotte,Marc Davis,Jacyn Goble,J.T. Orr
117,Philadelphia,James Capers,Tyler Ford,Phenizee Ransom
117,Brooklyn,Courtney Kirkland,Marat Kogut,Brett Nansel
117,Chicago,Kane Fitzgerald,Ben Taylor,Matt Myers
117,Indiana,John Goble,Dedric Taylor,Scott Twardoski
117,Milwaukee,Sean Wright,Curtis Blair,Gediminas Petraitis
117,Portland,Zach Zarba,Ray Acosta,Robert Hussey
117,Toronto,Bill Kennedy,Mark Lindsay,Tyler Ricks
117,Oklahoma City,James Williams,Mitchell Ervin,Suyash Mehta
117,Phoenix,Kevin Cutler,Eric Dalen,CJ Washington
117,Utah,David Guthrie,Michael Smith,Scott Wall
118,Minnesota,Ed Malloy,Brian Forte,Bennie Adams
118,Detroit,Tony Brothers,Brent Barnaky,Scott Twardoski
119,Orlando,Tre Maddox,Aaron Smith,Jenna Schroeder
119,Brooklyn,Ben Taylor,Mitchell Ervin,Jonathan Sterling
119,Minnesota,Bill Kennedy,Mark Lindsay,Matt Boland
119,Charlotte,Curtis Blair,Tyler Ford,Natalie Sago
119,Portland,Courtney Kirkland,Eric Dalen,Mousa Dagher
119,Cleveland,Zach Zarba,Jacyn Goble,CJ Washington
119,Memphis,James Capers,Brian Forte,Brett Nansel
119,Toronto,Tom Washington,Marat Kogut,Andy Nagy
119,Oklahoma City,Kane Fitzgerald,Leon Wood,Justin Van Duyne
119,Houston,Pat Fraher,Dedric Taylor,Brandon Schwab
119,LA Clippers,James Williams,JB DeRosa,Brandon Adair
119,Detroit,John Goble,Michael Smith,Scott Wall
119,Indiana,Tony Brothers,Brent Barnaky,Derek Richardson
120,New Orleans,Sean Wright,Mitchell Ervin,Ray Acosta
120,Phoenix,Marc Davis,Ed Malloy,Justin Van Duyne
120,Indiana,David Guthrie,Kevin Cutler,Brandon Schwab
121,Oklahoma City,Mark Lindsay,Matt Boland,Matt Myers
121,L.A. Lakers,Courtney Kirkland,Lauren Holtkamp,Marat Kogut
121,LA Clippers,Zach Zarba,Gediminas Petraitis,J.T. Orr
121,Miami,Kane Fitzgerald,Leon Wood,Jason Goldenberg
121,Portland,Bill Kennedy,Jacyn Goble,Brett Nansel
121,Toronto,Scott Foster,Eric Dalen,Aaron Smith
121,Chicago,Josh Tiven,Natalie Sago,John Butler
121,Brooklyn,Tony Brothers,Tre Maddox,Danielle Scott
121,Memphis,Pat Fraher,Karl Lane,Scott Wall
121,Detroit,James Williams,JB DeRosa,Brandon Adair
121,Houston,John Goble,Michael Smith,Evan Scott
122,Oklahoma City,Ed Malloy,Tom Washington,J.T. Orr
122,Sacramento,Zach Zarba,Eric Dalen,John Butler
122,Indiana,James Capers,JB DeRosa,Brandon Adair
123,LA Clippers,Josh Tiven,Matt Boland,Danielle Scott
123,Boston,David Guthrie,Marat Kogut,Matt Myers
123,L.A. Lakers,James Williams,Dedric Taylor,Phenizee Ransom
123,Chicago,Tyler Ford,Leon Wood,Aaron Smith
123,Portland,Brian Forte,Brent Barnaky,CJ Washington
123,Atlanta,Sean Wright,Jacyn Goble,Gediminas Petraitis
123,Philadelphia,Ben Taylor,Ray Acosta,Brandon Schwab
123,Memphis,Tony Brothers,Michael Smith,Scott Twardoski
123,Brooklyn,Curtis Blair,Kevin Cutler,Jason Goldenberg
123,Detroit,Eric Lewis,Derek Richardson,Andy Nagy
123,Utah,Pat Fraher,Karl Lane,Bennie Adams
124,New York,Curtis Blair,Scott Wall,Justin Van Duyne
124,Indiana,John Goble,Tyler Ford,Lauren Holtkamp
124,Utah,Kane Fitzgerald,JB DeRosa,Jonathan Sterling
124,Chicago,Marc Davis,Derek Richardson,Suyash Mehta
125,New Orleans,Ben Taylor,Mark Lindsay,Phenizee Ransom
125,Denver,Brent Barnaky,Leon Wood,Mousa Dagher
125,Charlotte,Kevin Cutler,Dedric Taylor,Danielle Scott
125,LA Clippers,Sean Wright,Natalie Sago,Ray Acosta
125,Sacramento,James Capers,Brian Forte,CJ Washington
125,L.A. Lakers,David Guthrie,Tom Washington,Matt Boland
125,San Antonio,Pat Fraher,Gediminas Petraitis,Scott Twardoski
125,Dallas,Eric Lewis,Tre Maddox,Jonathan Sterling
125,Minnesota,Karl Lane,JB DeRosa,Matt Kallio
126,Denver,Sean Wright,Derek Richardson,Ray Acosta
126,Toronto,Tony Brothers,Michael Smith,Aaron Smith
126,Milwaukee,Ben Taylor,Brent Barnaky,Jenna Schroeder
126,Charlotte,David Guthrie,Marat Kogut,Mousa Dagher
126,LA Clippers,Mark Lindsay,Justin Van Duyne,Natalie Sago
126,Sacramento,Tyler Ford,Lauren Holtkamp,Evan Scott
126,New York,John Goble,Gediminas Petraitis,Suyash Mehta
126,Memphis,Marc Davis,Curtis Blai,Bennie Adams
126,Phoenix,Eric Lewis,Jacyn Goble,Jason Goldenberg
126,Dallas,Kane Fitzgerald,Mitchell Ervin,J.T. Orr
127,L.A. Lakers,James Capers,Kevin Cutler,Leon Wood
127,Minnesota,James Williams,Derrick Collins,Brett Nansel
128,Denver,Brent Barnaky,Natalie Sago,Phenizee Ransom
128,L.A. Lakers,Tony Brothers,Tyler Ford,Bennie Adams
128,Detroit,Kevin Scott,Jonathan Sterling,John Butler
128,Boston,Josh Tiven,Tom Washington,Scott Wall
128,LA Clippers,David Guthrie,Karl Lane,Matt Myers
128,Portland,Ben Taylor,Matt Boland,Evan Scott
128,Utah,Pat Fraher,Dedric Taylor,Suyash Mehta
128,Indiana,Mark Lindsay,J.T. Orr,Jason Goldenberg
128,Chicago,Curtis Blair,Jacyn Goble,Mousa Dagher
128,Minnesota,Tre Maddox,Mitchell Ervin,Scott Twardoski
128,New York,Eric Lewis,Michael Smith,Marat Kogut
129,Boston,Kevin Cutler,Natalie Sago,Andy Nagy
129,Indiana,Curtis Blair,JB DeRosa,Ray Acosta
129,Sacramento,James Capers,Derek Richardson,Aaron Smith
129,Toronto,Kevin Scott,Matt Boland,Jonathan Sterling
129,Washington,John Goble,Derrick Collins,Evan Scott
129,Brooklyn,Kane Fitzgerald,Brian Forte,Justin Van Duyne
130,L.A. Lakers,Tony Brothers,Karl Lane,John Butler
130,LA Clippers,Josh Tiven,Tom Washington,Jenna Schroeder
130,Portland,David Guthrie,Dedric Taylor,Robert Hussey
130,Cleveland,Pat Fraher,Nick Buchert,Brandon Schwab
130,Dallas,Ben Taylor,Ray Acosta,Bennie Adams
130,Denver,Marc Davis,Mark Lindsay,J.T. Orr
130,Utah,Tyler Ford,Jason Goldenberg,Phenizee Ransom
130,San Antonio,James Williams,Brian Forte,Leon Wood
131,New Orleans,Marc Davis,Karl Lane,Nate Green
131,LA Clippers,Pat Fraher,JB DeRosa,Nick Buchert
131,Memphis,Eric Lewis,Brent Barnaky,Matt Boland
131,Miami,Sean Wright,Marat Kogut,Aaron Smith
131,Sacramento,Tony Brothers,Tre Maddox,Gediminas Petraitis
131,Golden State,Kevin Scott,Jacyn Goble,Andy Nagy
131,Portland,Kevin Cutler,Derek Richardson,Brett Nansel
131,Toronto,John Goble,Mitchell Ervin,Matt Myers
201,New Orleans,Josh Tiven,Scott Twardoski,J.T. Orr
201,Washington,James Williams,Matt Boland,Jonathan Sterling
201,Orlando,James Capers,Brent Barnaky,Lauren Holtkamp
201,Denver,Brian Forte,JB DeRosa,Danielle Scott
201,Golden State,Mark Lindsay,Tom Washington,Mousa Dagher
201,Brooklyn,Curtis Blair,Dedric Taylor,Natalie Sago
201,Miami,Kane Fitzgerald,Gediminas Petraitis,Bennie Adams
202,Orlando,Tony Brothers,Scott Wall,Andy Nagy
202,Washington,Marc Davis,Karl Lane,Nate Green
202,Charlotte,Eric Lewis,Mitchell Ervin,Phenizee Ransom
202,Memphis,Sean Wright,Tyler Ford,J.T. Orr
202,Cleveland,Courtney Kirkland,Ray Acosta,Brett Nansel
202,Oklahoma City,Ben Taylor,Nick Buchert,Jonathan Sterling
202,Denver,David Guthrie,Justin Van Duyne,Eric Dalen
202,Brooklyn,Bill Kennedy,Jacyn Goble,John Butler
202,Portland,Curtis Blair,Leon Wood,Jason Goldenberg
203,Chicago,Kane Fitzgerald,JB DeRosa,Jenna Schroeder
203,Miami,Kevin Cutler,Natalie Sago,Brett Nansel
203,Minnesota,Marc Davis,Marat Kogut,Andy Nagy
203,Phoenix,Ed Malloy,Brian Forte,Nate Green
203,Sacramento,David Guthrie,Dedric Taylor,Jason Goldenberg
203,L.A. Lakers,Zach Zarba,Jacyn Goble,Aaron Smith
204,Cleveland,Brian Forte,Marat Kogut,Matt Boland
204,Boston,James Capers,Brent Barnaky,Scott Wall
204,Chicago,John Goble,Tyler Ford,Gediminas Petraitis
204,Atlanta,Pat Fraher,Mark Lindsay,JB DeRosa
204,Philadelphia,Courtney Kirkland,Ben Taylor,Natalie Sago
204,Houston,Sean Wright,Kevin Cutler,Jonathan Sterling
204,Brooklyn,Zach Zarba,Derek Richardson,Ray Acosta
204,New Orleans,Curtis Blair,Leon Wood,John Butler
204,Oklahoma City,Scott Foster,Eric Dalen,J.T. Orr
205,Memphis,Kane Fitzgerald,Mitchell Ervin,Brandon Adair
205,Miami,Ed Malloy,Nick Buchert,Brandon Schwab
205,Phoenix,Tony Brothers,Tom Washington,Scott Twardoski
205,New York,David Guthrie,Dedric Taylor,Justin Van Duyne
205,Milwaukee,Bill Kennedy,Jacyn Goble,Aaron Smith
205,Oklahoma City,Josh Tiven,Lauren Holtkamp,Bennie Adams
206,Philadelphia,Curtis Blair,Marat Kogut,Matt Boland
206,Detroit,Zach Zarba,Eric Dalen,Matt Myers
206,Brooklyn,Kevin Scott,Tyler Ford,Gediminas Petraitis
206,Indiana,Pat Fraher,Mark Lindsay,Jason Goldenberg
206,Boston,Marc Davis,Nick Buchert,Brandon Schwab
206,Atlanta,John Goble,Kevin Cutler,Brent Barnaky
206,New Orleans,Brian Forte,Jonathan Sterling,Danielle Scott
206,Milwaukee,Scott Foster,Ray Acosta,Brett Nansel
207,Toronto,Marc Davis,Justin Van Duyne,Brandon Adair
207,Miami,Eric Lewis,Mitchell Ervin,Derek Richardson
207,Phoenix,David Guthrie,Leon Wood,Evan Scott
207,Golden State,Ed Malloy,Natalie Sago,Danielle Scott
207,New York,Josh Tiven,Lauren Holtkamp,Aaron Smith
208,Phoenix,John Goble,Eric Dalen,Brandon Adair
208,Indiana,Zach Zarba,Mitchell Ervin,Justin Van Duyne
208,Boston,Pat Fraher,JB DeRosa,Andy Nagy
208,LA Clippers,Ben Taylor,Bill Kennedy,Matt Myers
208,Houston,Mark Lindsay,Nick Buchert,Phenizee Ransom
208,Detroit,Brian Forte,Jacyn Goble,Jason Goldenberg
208,New York,James Capers,Kevin Cutler,Jonathan Sterling
208,Milwaukee,Josh Tiven,Gediminas Petraitis,Scott Twardoski
208,Orlando,Tyler Ford,Ray Acosta,Nate Green
208,Minnesota,Kevin Scott,Brent Barnaky,Brett Nansel
209,San Antonio,Ed Malloy,Natalie Sago,Aaron Smith
209,Chicago,Courtney Kirkland,Michael Smith,Derek Richardson
209,Toronto,Karl Lane,Dedric Taylor,Evan Scott
209,Golden State,Kane Fitzgerald,Derrick Collins,Jonathan Sterling
209,L.A. Lakers,Kevin Scott,Brent Barnaky,Brett Nansel
209,Minnesota,Tyler Ford,J.T. Orr,Danielle Scott
210,Memphis,Scott Foster,Natalie Sago,Brandon Schwab
210,Brooklyn,Ben Taylor,Mark Lindsay,Suyash Mehta
210,Miami,Marc Davis,Jacyn Goble,Jason Goldenberg
210,Toronto,Bill Kennedy,Gediminas Petraitis,Matt Myers
210,LA Clippers,James Williams,Lauren Holtkamp,Mousa Dagher
210,Milwaukee,James Capers,Derrick Collins,Marat Kogut
210,New York,Eric Lewis,Scott Twardoski,Nate Green
211,Charlotte,Karl Lane,Nick Buchert,Leon Wood
211,Cleveland,Ben Taylor,Dedric Taylor,Suyash Mehta
211,Oklahoma City,Courtney Kirkland,Michael Smith,Phenizee Ransom
211,San Antonio,Curtis Blair,Brian Forte,John Butler
211,Denver,Zach Zarba,Derek Richardson,Ray Acosta
211,Minnesota,Kane Fitzgerald,JB DeRosa,Eric Dalen
211,Orlando,Kevin Scott,Brent Barnaky,Andy Nagy
212,New York,Ed Malloy,Derrick Collins,Mousa Dagher
212,Memphis,James Williams,Gediminas Petraitis,Jonathan Sterling
212,Sacramento,Josh Tiven,Ray Acosta,Jason Goldenberg
212,San Antonio,Bill Kennedy,Lauren Holtkamp,Brandon Schwab
212,Cleveland,Scott Foster,JB DeRosa,Justin Van Duyne
212,Denver,Zach Zarba,Eric Dalen,Brett Nansel
212,Brooklyn,John Goble,Brian Forte,Aaron Smith
212,Oklahoma City,Pat Fraher,Nick Buchert,Jenna Schroeder
212,LA Clippers,Curtis Blair,Kevin Cutler,Scott Twardoski
212,L.A. Lakers,James Capers,Kevin Scott,Marat Kogut
212,Orlando,Eric Lewis,Mitchell Ervin,Matt Boland
213,Atlanta,Kane Fitzgerald,Karl Lane,Brandon Adair
213,Minnesota,Marc Davis,Derek Richardson,Leon Wood
214,Detroit,James Williams,Dedric Taylor,Aaron Smith
214,Sacramento,Courtney Kirkland,Michael Smith,Evan Scott
214,Oklahoma City,John Goble,Ben Taylor,Phenizee Ransom
214,San Antonio,Scott Foster,Lauren Holtkamp,Brett Nansel
214,Portland,Zach Zarba,Eric Dalen,Suyash Mehta
214,Toronto,Josh Tiven,Derrick Collins,John Butler
214,Orlando,Pat Fraher,Mark Lindsay,Danielle Scott
214,Houston,Eric Lewis,Kevin Cutler,Jenna Schroeder
214,Golden State,Ed Malloy,Mitchell Ervin,Matt Boland
215,Cleveland,Kevin Scott,Leon Wood,Phenizee Ransom
215,Dallas,Josh Tiven,Nick Buchert,Matt Myers
215,Boston,David Guthrie,Brian Forte,Gediminas Petraitis
215,Indiana,Curtis Blair,Karl Lane,Scott Twardoski
215,Charlotte,James Capers,Brent Barnaky,Andy Nagy
215,Memphis,Tyler Ford,JB DeRosa,Scott Wall
215,LA Clippers,Pat Fraher,Tre Maddox,Justin Van Duyne
216,Atlanta,Courtney Kirkland,Nick Buchert,Suyash Mehta
216,Detroit,John Goble,Tom Washington,Evan Scott
216,Washington,Zach Zarba,Brandon Adair,Brett Nansel
216,Brooklyn,Scott Foster,Jacyn Goble,Natalie Sago
216,Sacramento,Marc Davis,Brent Barnaky,Jonathan Sterling
216,Portland,Kevin Scott,Dedric Taylor,Jason Goldenberg
216,Toronto,Tony Brothers,Derrick Collins,Jenna Schroeder
216,San Antonio,Eric Lewis,Eric Dalen,Mousa Dagher
216,Houston,Mark Lindsay,J.T. Orr,Danielle Scott
216,Denver,Bill Kennedy,Kevin Cutler,Justin Van Duyne
216,Utah,Ed Malloy,Mitchell Ervin,Matt Boland
217,Washington,James Capers,Marat Kogut,Scott Twardoski
217,Miami,Sean Wright,JB DeRosa,Ray Acosta
217,Dallas,Pat Fraher,Michael Smith,Andy Nagy
217,Philadelphia,Tony Brothers,Ben Taylor,Scott Wall
217,Houston,Mark Lindsay,Derek Richardson,Bennie Adams
224,Cleveland,Bill Kennedy,JB DeRosa,Mousa Dagher
224,Boston,David Guthrie,Mark Lindsay,Aaron Smith
224,Atlanta,Courtney Kirkland,Marc Davis,Andy Nagy
224,Memphis,Pat Fraher,Michael Smith,Jonathan Sterling
224,Phoenix,Rodney Mott,Derrick Collins,Bennie Adams
224,Golden State,Tony Brothers,Tre Maddox,J.T. Orr
224,Denver,Scott Foster,Ben Taylor,Leon Wood
225,Toronto,Kane Fitzgerald,Eric Dalen,Natalie Sago
225,Oklahoma City,James Williams,Mitchell Ervin,Mousa Dagher
225,Houston,Curtis Blair,Dedric Taylor,Danielle Scott
225,San Antonio,Tyler Ford,JB DeRosa,Nate Green
225,Miami,Eric Lewis,Karl Lane,Gediminas Petraitis
225,Philadelphia,Ed Malloy,Jacyn Goble,Ray Acosta
225,New Orleans,Sean Wright,Ben Taylor,Derek Richardson
225,Dallas,John Goble,Tom Washington,Brandon Adair
225,LA Clippers,Zach Zarba,Brian Forte,Nick Buchert
226,Boston,Rodney Mott,Michael Smith,Suyash Mehta
226,Toronto,Bill Kennedy,Derrick Collins,John Butler
226,Washington,Courtney Kirkland,Mitchell Ervin,Evan Scott
226,San Antonio,Pat Fraher,Scott Wall,Jason Goldenberg
226,Memphis,David Guthrie,Tre Maddox,Matt Boland
226,Brooklyn,Marc Davis,Tyler Ford,Lauren Holtkamp
226,Sacramento,Tony Brothers,J.T. Orr,Bennie Adams
227,Philadelphia,James Williams,Mark Lindsay,Marat Kogut
227,Utah,Zach Zarba,Brian Forte,Nick Buchert
227,Boston,Kane Fitzgerald,JB DeRosa,Ray Acosta
227,Detroit,Eric Lewis,Dedric Taylor,Justin Van Duyne
227,LA Clippers,Ed Malloy,Jacyn Goble,Scott Twardoski
227,Dallas,Scott Foster,Ben Taylor,Leon Wood
227,Denver,Sean Wright,Derek Richardson,Brett Nansel
227,New Orleans,John Goble,Tom Washington,Brandon Adair
228,Toronto,Curtis Blair,Mitchell Ervin,Matt Myers
228,Minnesota,Tony Brothers,Eric Dalen,Gediminas Petraitis
228,Indiana,Marc Davis,Scott Wall,Natalie Sago
228,Chicago,Bill Kennedy,Derrick Collins,Lauren Holtkamp
228,San Antonio,Rodney Mott,Karl Lane,Aaron Smith
228,Charlotte,Courtney Kirkland,Tre Maddox,J.T. Orr
228,Sacramento,David Guthrie,Jacyn Goble,John Butler
301,Detroit,Pat Fraher,Ray Acosta,Jonathan Sterling
301,Atlanta,Eric Lewis,Curtis Blair,Scott Twardoski
301,Brooklyn,Tony Brothers,JB DeRosa,Jason Goldenberg
301,LA Clippers,John Goble,Brandon Adair,Phenizee Ransom
301,Golden State,Zach Zarba,Nick Buchert,Justin Van Duyne
301,Dallas,Sean Wright,Tyler Ford,Brett Nansel
302,Charlotte,James Williams,Scott Wall,Natalie Sago
302,Indiana,Bill Kennedy,Derrick Collins,Lauren Holtkamp
302,New York,James Capers,Brian Forte,J.T. Orr
302,Utah,Tre Maddox,Derek Richardson,Brandon Schwab
302,Miami,Scott Foster,Mark Lindsay,Leon Wood
302,Sacramento,Ed Malloy,Karl Lane,Danielle Scott
302,Oklahoma City,Courtney Kirkland,Dedric Taylor,Matt Boland
302,Portland,Kane Fitzgerald,Tyler Ford,Aaron Smith
303,Chicago,Josh Tiven,Tom Washington,Brandon Adair
303,Memphis,Pat Fraher,Brian Forte,Evan Scott
303,Miami,Eric Lewis,Ben Taylor,J.T. Orr
303,Detroit,Marc Davis,Jacyn Goble,John Conley
303,Golden State,Tony Brothers,Eric Dalen,Mousa Dagher
303,Sacramento,Sean Wright,Mitchell Ervin,Justin Van Duyne
303,L.A. Lakers,David Guthrie,Kevin Cutler,Matt Boland
304,Orlando,James Williams,Karl Lane,Jonathan Sterling
304,Indiana,Ed Malloy,Derek Richardson,Marat Kogut
304,Cleveland,Eric Lewis,Brent Barnaky,Jacyn Goble
304,Atlanta,James Capers,Nick Buchert,Leon Wood
304,Milwaukee,Zach Zarba,JB DeRosa,Jason Goldenberg
304,Utah,Bill Kennedy,Scott Wall,Mousa Dagher
304,Minnesota,John Goble,Natalie Sago,Nate Green
304,Houston,Kane Fitzgerald,Tyler Ford,Aaron Smith
304,New York,David Guthrie,Dedric Taylor,Gediminas Petraitis
305,Sacramento,Curtis Blair,Derrick Collins,Matt Boland
305,San Antonio,Ben Taylor,Brent Barnaky,Bennie Adams
305,Philadelphia,Courtney Kirkland,Michael Smith,Scott Twardoski
305,Orlando,Tom Washington,Eric Dalen,Brandon Schwab
305,Portland,Marc Davis,Mitchell Ervin,John Conley
305,Golden State,Josh Tiven,Mark Lindsay,Ray Acosta
306,Brooklyn,Zach Zarba,Kevin Cutler,Nick Buchert
306,Phoenix,Sean Wright,Ed Malloy,Natalie Sago
306,Toronto,John Goble,Ben Taylor,Brandon Adair
306,Indiana,Tony Brothers,Brian Forte,Suyash Mehta
306,Memphis,Marc Davis,Dedric Taylor,Jason Goldenberg
306,Utah,Pat Fraher,Tyler Ford,Lauren Holtkamp
306,New York,Kane Fitzgerald,Tre Maddox,Justin Van Duyne
306,New Orleans,David Guthrie,JB DeRosa,Gediminas Petraitis
307,Golden State,Eric Lewis,Jacyn Goble,Brett Nansel
307,Atlanta,Sean Wright,Mitchell Ervin,Andy Nagy
307,Chicago,Scott Foster,Eric Dalen,Jonathan Sterling
307,Houston,Curtis Blair,Karl Lane,Bennie Adams
307,Portland,Bill Kennedy,Derrick Collins,Brandon Schwab
307,Utah,James Capers,Michael Smith,Aaron Smith
307,L.A. Lakers,Courtney Kirkland,Scott Wall,Scott Twardoski
307,New York,Josh Tiven,Mark Lindsay,Ray Acosta
308,Brooklyn,Scott Foster,Lauren Holtkamp,Phenizee Ransom
308,Cleveland,Zach Zarba,Nick Buchert,Gediminas Petraitis
308,Phoenix,John Goble,Sean Corbin,John Butler
308,New Orleans,Kane Fitzgerald,Natalie Sago,Jenna Schroeder
308,Milwaukee,Tre Maddox,JB DeRosa,Leon Wood
308,LA Clippers,James Williams,Brent Barnaky,J.T. Orr
309,Boston,Marc Davis,Tyler Ford,Aaron Smith
309,Chicago,Pat Fraher,Scott Wall,Matt Myers
309,Phoenix,Zach Zarba,Kevin Cutler,Matt Boland
309,Atlanta,David Guthrie,Brian Forte,Brett Nansel
309,L.A. Lakers,Ben Taylor,Michael Smith,John Butler
309,Oklahoma City,Sean Wright,Derek Richardson,Jonathan Sterling
309,Orlando,Courtney Kirkland,Derrick Collins,Bennie Adams
309,New York,Bill Kennedy,Tom Washington,Jason Goldenberg
309,Toronto,Ed Malloy,Dedric Taylor,Marat Kogut
309,Portland,Eric Lewis,Jacyn Goble,Ray Acosta
309,Denver,James Williams,Brent Barnaky,Evan Scott
309,Washington,Josh Tiven,Mark Lindsay,Danielle Scott
310,Brooklyn,John Goble,Tre Maddox,Brandon Adair
310,Golden State,James Capers,Karl Lane,Scott Twardoski
311,Minnesota,Ed Malloy,Brian Forte,Nate Green
311,LA Clippers,Tyler Ford,Kevin Cutler,Jason Goldenberg
311,Detroit,Sean Wright,Justin Van Duyne,John Butler
311,Cleveland,Tony Brothers,Dedric Taylor,Natalie Sago
311,Dallas,Rodney Mott,Lauren Holtkamp,Jenna Schroeder
311,New York,Courtney Kirkland,JB DeRosa,Suyash Mehta
311,Charlotte,Ben Taylor,Mitchell Ervin,Matt Myers
311,Utah,David Guthrie,Nick Buchert,Gediminas Petraitis
311,Toronto,Eric Lewis,Brent Barnaky,Leon Wood
311,Washington,James Williams,Jacyn Goble,Evan Scott
312,Minnesota,Tom Washington,Scott Wall,Marat Kogut
312,Cleveland,Sean Wright,Brandon Adair,Scott Twardoski
312,Indiana,David Guthrie,J.T. Orr,Matt Boland
312,Milwaukee,Zach Zarba,Derrick Collins,Aaron Smith
312,Toronto,Pat Fraher,Michael Smith,Phenizee Ransom
312,Sacramento,James Capers,Eric Dalen,Mousa Dagher
312,Washington,Bill Kennedy,Karl Lane,Andy Nagy
313,New York,Josh Tiven,Ed Malloy,Justin Van Duyne
313,LA Clippers,Courtney Kirkland,Gediminas Petraitis,CJ Washington
313,Dallas,John Goble,Mark Lindsay,Ray Acosta
313,Philadelphia,Rodney Mott,Kevin Cutler,John Conley
313,Indiana,Scott Foster,Dedric Taylor,Natalie Sago
313,Houston,Tyler Ford,Nick Buchert,Brandon Schwab
313,Memphis,James Williams,Brent Barnaky,Evan Scott
313,L.A. Lakers,Tony Brothers,Eric Dalen,Derek Richardson
314,LA Clippers,Josh Tiven,Mitchell Ervin,Brett Nansel
314,Portland,Kane Fitzgerald,Lauren Holtkamp,Mousa Dagher
314,Denver,Eric Lewis,JB DeRosa,Matt Boland
314,Charlotte,Bill Kennedy,J.T. Orr,Phenizee Ransom
314,Minnesota,Ben Taylor,Tre Maddox,Danielle Scott
314,Washington,Pat Fraher,Tom Washington,Leon Wood
314,Chicago,Zach Zarba,Karl Lane,Aaron Smith
314,Milwaukee,Tony Brothers,Michael Smith,Scott Wall
314,Toronto,James Capers,Derrick Collins,Andy Nagy
315,Memphis,Sean Wright,Eric Dalen,Justin Van Duyne
315,Brooklyn,Kane Fitzgerald,Brent Barnaky,Ray Acosta
315,Detroit,Tyler Ford,Jacyn Goble,Mousa Dagher
315,Phoenix,David Guthrie,Dedric Taylor,Jason Goldenberg
316,Atlanta,Eric Lewis,Jacyn Goble,Jonathan Sterling
316,Philadelphia,James Williams,Mark Lindsay,Justin Van Duyne
316,Denver,Josh Tiven,Derek Richardson,John Butler
316,Dallas,Scott Foster,Mitchell Ervin,Brandon Adair
316,Portland,Rodney Mott,Ben Taylor,Brett Nansel
316,Phoenix,Bill Kennedy,Scott Wall,J.T. Orr
316,L.A. Lakers,John Goble,Michael Smith,Aaron Smith
316,Oklahoma City,Tony Brothers,Gediminas Petraitis,CJ Washington
316,Chicago,Ed Malloy,Derrick Collins,Marat Kogut
316,Boston,James Capers,Karl Lane,Lauren Holtkamp
316,Milwaukee,Pat Fraher,Tom Washington,Andy Nagy
316,Toronto,Zach Zarba,Nick Buchert,Natalie Sago
317,Detroit,Marc Davis,JB DeRosa,Jenna Schroeder
318,Dallas,Kane Fitzgerald,Ben Taylor,Derek Richardson
318,Memphis,David Guthrie,Scott Wall,Suyash Mehta
318,Portland,James Williams,Jacyn Goble,Ashley Moyer-Gleich
318,Denver,Scott Foster,Michael Smith,Leon Wood
318,Washington,Eric Lewis,Eric Dalen,Phenizee Ransom
318,L.A. Lakers,Courtney Kirkland,Mark Lindsay,Matt Myers
318,Oklahoma City,Marc Davis,JB DeRosa,John Butler
318,Indiana,Pat Fraher,Ray Acosta,Jonathan Sterling
318,New Orleans,Bill Kennedy,Kevin Cutler,Bennie Adams
318,LA Clippers,John Goble,Tre Maddox,Lauren Holtkamp
318,Chicago,Rodney Mott,Tom Washington,Nick Buchert
318,Boston,Ed Malloy,Natalie Sago,Marat Kogut
319,Milwaukee,Josh Tiven,Dedric Taylor,Brandon Adair
319,Dallas,James Williams,Karl Lane,Suyash Mehta
319,Detroit,Zach Zarba,Brent Barnaky,Nate Green
319,L.A. Lakers,Curtis Blair,Mitchell Ervin,Gediminas Petraitis
320,Portland,Kane Fitzgerald,Kevin Cutler,Brandon Schwab
320,Memphis,Tony Brothers,Derrick Collins,CJ Washington
320,New Orleans,Sean Wright,Derek Richardson,Brett Nansel
320,Oklahoma City,James Capers,Michael Smith,Bennie Adams
320,Phoenix,John Goble,Tre Maddox,Lauren Holtkamp
320,Utah,Scott Foster,Tyler Ford,Aaron Smith
320,Boston,Bill Kennedy,Nick Buchert,J.T. Orr
320,Toronto,David Guthrie,Curtis Blair,Leon Wood
320,San Antonio,Ed Malloy,Natalie Sago,Marat Kogut
321,New Orleans,Pat Fraher,Dedric Taylor,Brandon Adair
321,L.A. Lakers,James Williams,Tom Washington,Scott Wall
321,Portland,Tyler Ford,Brent Barnaky,Jonathan Sterling
321,Miami,Zach Zarba,Kevin Cutler,Scott Twardoski
321,Utah,Marc Davis,Mark Lindsay,Gediminas Petraitis
321,Toronto,Josh Tiven,Ben Taylor,Brandon Schwab
321,Washington,Karl Lane,Justin Van Duyne,Suyash Mehta
321,Boston,Rodney Mott,Brian Forte,Jason Goldenberg
321,Minnesota,Sean Wright,Derrick Collins,Ray Acosta
322,Golden State,Tony Brothers,Jacyn Goble,Derek Richardson
322,Atlanta,Kane Fitzgerald,JB DeRosa,Leon Wood
322,Chicago,John Goble,Curtis Blair,J.T. Orr
322,LA Clippers,Ed Malloy,Brian Forte,Natalie Sago
323,New York,Marc Davis,Scott Wall,John Conley
323,Atlanta,Eric Lewis,Tom Washington,Aaron Smith
323,Sacramento,Rodney Mott,Dedric Taylor,Mousa Dagher
323,Utah,Zach Zarba,Kevin Cutler,Bennie Adams
323,Golden State,David Guthrie,Mitchell Ervin,CJ Washington
323,Brooklyn,James Capers,Tyler Ford,Scott Twardoski
323,Phoenix,James Williams,Karl Lane,Marat Kogut
323,Orlando,Pat Fraher,Gediminas Petraitis,Brandon Schwab
323,Houston,Tre Maddox,Nick Buchert,Nate Green
323,Philadelphia,Sean Wright,Brent Barnaky,Ray Acosta
323,San Antonio,Josh Tiven,Eric Dalen,John Butler
324,Cleveland,Tony Brothers,Michael Smith,J.T. Orr
324,Indiana,Ben Taylor,Leon Wood,Jason Goldenberg
324,Washington,Kane Fitzgerald,Derek Richardson,Lauren Holtkamp
324,Chicago,Bill Kennedy,Natalie Sago,Nate Green
324,Phoenix,Courtney Kirkland,Derrick Collins,Justin Van Duyne
325,Utah,James Capers,Curtis Blair,Scott Twardoski
325,Washington,Tony Brothers,J.T. Orr,Evan Scott
325,Golden State,Marc Davis,Tyler Ford,Bennie Adams
325,New York,Rodney Mott,Dedric Taylor,Phenizee Ransom
325,Dallas,Scott Foster,Mark Lindsay,Andy Nagy
325,Houston,Sean Wright,Brent Barnaky,Ray Acosta
325,Philadelphia,Josh Tiven,JB DeRosa,Eric Dalen
326,San Antonio,Kevin Scott,Mitchell Ervin,CJ Washington
326,Sacramento,John Goble,Scott Wall,Aaron Smith
326,Indiana,Zach Zarba,Tom Washington,Lauren Holtkamp
326,Chicago,Marc Davis,Jacyn Goble,Jenna Schroeder
326,Brooklyn,Bill Kennedy,Michael Smith,Matt Boland
326,Milwaukee,Eric Lewis,Karl Lane,John Conley
326,Oklahoma City,James Williams,Kevin Cutler,Brett Nansel
326,Houston,Courtney Kirkland,JB DeRosa,Danielle Scott
327,New York,Curtis Blair,Brandon Adair,Suyash Mehta
327,Minnesota,Ben Taylor,Gediminas Petraitis,Jonathan Sterling
327,Golden State,Rodney Mott,Nick Buchert,Ashley Moyer-Gleich
327,Philadelphia,Scott Foster,Tre Maddox,Jason Goldenberg
327,L.A. Lakers,Tony Brothers,Eric Dalen,Andy Nagy
327,Charlotte,Pat Fraher,Brian Forte,Justin Van Duyne
327,Utah,Kane Fitzgerald,Tyler Ford,J.T. Orr
328,Denver,Bill Kennedy,Mark Lindsay,Lauren Holtkamp
328,Orlando,Ben Taylor,Nick Buchert,CJ Washington
328,Atlanta,Ed Malloy,Scott Wall,John Conley
328,Sacramento,Kevin Scott,Brent Barnaky,Ray Acosta
328,Chicago,Pat Fraher,Brian Forte,Mousa Dagher
328,Boston,David Guthrie,Mitchell Ervin,Evan Scott
328,San Antonio,James Williams,Natalie Sago,Aaron Smith
328,Golden State,Courtney Kirkland,JB DeRosa,Brett Nansel
328,Oklahoma City,Eric Lewis,Derek Richardson,Leon Wood
329,Milwaukee,James Capers,Mitchell Ervin,Brandon Adair
329,Chicago,John Goble,Michael Smith,Phenizee Ransom
329,Detroit,David Guthrie,Tre Maddox,Marat Kogut
329,L.A. Lakers,Marc Davis,Dedric Taylor,Natalie Sago
329,Utah,Scott Foster,Jacyn Goble,Jason Goldenberg
330,Dallas,Josh Tiven,Eric Dalen,Brett Nansel
330,Denver,Tony Brothers,Brian Forte,Jonathan Sterling
330,Orlando,Sean Wright,Tom Washington,Matt Boland
330,Miami,Kane Fitzgerald,Ed Malloy,Justin Van Duyne
330,Charlotte,Zach Zarba,Kevin Cutler,John Butler
330,Minnesota,Bill Kennedy,JB DeRosa,Aaron Smith
330,Sacramento,Curtis Blair,Mark Lindsay,Mousa Dagher
330,Atlanta,Ben Taylor,Gediminas Petraitis,Matt Myers
330,Memphis,Kevin Scott,Nick Buchert,Scott Wall
330,Phoenix,Eric Lewis,Jacyn Goble,Leon Wood
330,New Orleans,Rodney Mott,Karl Lane,Jenna Schroeder
331,Cleveland,Courtney Kirkland,Tre Maddox,Ray Acosta
331,Philadelphia,Josh Tiven,Lauren Holtkamp,Danielle Scott
331,Milwaukee,John Goble,Brent Barnaky,Derek Richardson
331,LA Clippers,James Williams,Dedric Taylor,Gediminas Petraitis
331,L.A. Lakers,Eric Lewis,Karl Lane,Evan Scott
401,Toronto,Curtis Blair,Brandon Adair,Nate Green
401,Dallas,Tony Brothers,Justin Van Duyne,Jason Goldenberg
401,Indiana,Bill Kennedy,Eric Dalen,Brett Nansel
401,Sacramento,Tyler Ford,Michael Smith,Marat Kogut
401,Phoenix,Zach Zarba,Tom Washington,Natalie Sago
401,LA Clippers,Sean Wright,Derrick Collins,Bennie Adams
401,Detroit,Kevin Scott,Nick Buchert,Scott Twardoski
401,Portland,Ben Taylor,Mitchell Ervin,Matt Myers
401,Minnesota,James Capers,Jacyn Goble,Mousa Dagher
401,New Orleans,Pat Fraher,J.T. Orr,Leon Wood
402,Charlotte,Kane Fitzgerald,Gediminas Petraitis,Phenizee Ransom
402,Cleveland,Rodney Mott,Lauren Holtkamp,Ashley Moyer-Gleich
402,Brooklyn,Kevin Scott,Karl Lane,Brandon Adair
402,Miami,Josh Tiven,JB DeRosa,CJ Washington
402,Utah,Tre Maddox,J.T. Orr,Matt Boland
403,Washington,James Williams,Scott Wall,Nate Green
403,Dallas,Zach Zarba,Jacyn Goble,Aaron Smith
403,Denver,Ed Malloy,Mitchell Ervin,Scott Twardoski
403,Detroit,Curtis Blair,Brent Barnaky,Derek Richardson
403,Philadelphia,Sean Wright,Karl Lane,John Butler
403,New York,Tyler Ford,Nick Buchert,Ray Acosta
403,Miami,Tom Washington,Kevin Cutler,Bennie Adams
403,Minnesota,Josh Tiven,Brian Forte,Brandon Schwab
403,Phoenix,James Capers,JB DeRosa,Brett Nansel
403,Portland,Courtney Kirkland,Eric Dalen,Jason Goldenberg
403,Golden State,Pat Fraher,Derrick Collins,Evan Scott
403,New Orleans,Mark Lindsay,Michael Smith,Matt Boland
405,Philadelphia,Eric Lewis,Tyler Ford,Marat Kogut
405,Cleveland,Josh Tiven,Eric Dalen,Bennie Adams
405,Houston,Tom Washington,Natalie Sago,Matt Myers
405,Charlotte,James Williams,Karl Lane,Scott Wall
405,Atlanta,Rodney Mott,Brian Forte,Danielle Scott
405,Milwaukee,James Capers,Kevin Scott,Jonathan Sterling
405,Washington,Bill Kennedy,Kevin Cutler,J.T. Orr
405,Portland,John Goble,Brandon Adair,Andy Nagy
405,San Antonio,Tony Brothers,Tre Maddox,Derek Richardson
405,Memphis,Ed Malloy,Michael Smith,Scott Twardoski
405,New Orleans,Mark Lindsay,Justin Van Duyne,Leon Wood
405,L.A. Lakers,David Guthrie,Derrick Collins,Gediminas Petraitis
406,Dallas,Courtney Kirkland,Brian Forte,Jenna Schroeder
406,Brooklyn,Sean Wright,Curtis Blair,Jason Goldenberg
406,Washington,Pat Fraher,Brent Barnaky,Matt Boland
406,Boston,Eric Lewis,Mitchell Ervin,Aaron Smith
406,Oklahoma City,Tony Brothers,Mark Lindsay,Gediminas Petraitis
406,Phoenix,Kane Fitzgerald,Dedric Taylor,Lauren Holtkamp
407,Orlando,Rodney Mott,Brent Barnaky,Brandon Schwab
407,Philadelphia,James Williams,Nick Buchert,Matt Myers
407,Boston,David Guthrie,Kevin Cutler,Ray Acosta
407,San Antonio,Marc Davis,Jacyn Goble,Phenizee Ransom
407,Portland,Pat Fraher,Tre Maddox,Marat Kogut
407,Memphis,Zach Zarba,Derrick Collins,J.T. Orr
407,L.A. Lakers,Kane Fitzgerald,Michael Smith,Brandon Adair
408,Milwaukee,Sean Wright,Ed Malloy,Nate Green
408,New York,Brian Forte,Gediminas Petraitis,Andy Nagy
408,Cleveland,Eric Lewis,Ben Taylor,Scott Wall
408,Houston,Courtney Kirkland,Karl Lane,Jason Goldenberg
408,Atlanta,John Goble,Tyler Ford,Aaron Smith
408,Charlotte,Josh Tiven,Mark Lindsay,Natalie Sago
408,Portland,Tony Brothers,Tom Washington,Leon Wood
408,Phoenix,Zach Zarba,Mitchell Ervin,Justin Van Duyne
408,Oklahoma City,Bill Kennedy,Dedric Taylor,Lauren Holtkamp
409,Sacramento,Tre Maddox,J.T. Orr,Brandon Adair
409,New Orleans,Kane Fitzgerald,Eric Dalen,Jonathan Sterling
409,Indiana,Curtis Blair,Jacyn Goble,Ashley Moyer-Gleich
409,Golden State,James Capers,JB DeRosa,Suyash Mehta
410,Indiana,Marc Davis,Karl Lane,Nate Green
410,Washington,Eric Lewis,Nick Buchert,Aaron Smith
410,Milwaukee,Scott Foster,Mark Lindsay,Gediminas Petraitis
410,San Antonio,James Williams,Tyler Ford,Andy Nagy
410,L.A. Lakers,Josh Tiven,Mitchell Ervin,Justin Van Duyne
410,Atlanta,Tony Brothers,Leon Wood,CJ Washington
410,Oklahoma City,Zach Zarba,Kevin Cutler,Bennie Adams
410,Boston,Sean Wright,Ed Malloy,Marat Kogut
410,Chicago,David Guthrie,Michael Smith,Ray Acosta
410,Golden State,Courtney Kirkland,Tom Washington,Scott Twardoski
410,Toronto,John Goble,Brent Barnaky,Matt Boland
410,Miami,Curtis Blair,Derrick Collins,Jason Goldenberg
410,Detroit,Pat Fraher,Natalie Sago,Evan Scott
410,Sacramento,Rodney Mott,Derek Richardson,Brett Nansel
410,Utah,Bill Kennedy,Dedric Taylor,Lauren Holtkamp
